{
  "project_count": 33,
  "task_count": 101,
  "loc_count": 1239901,
  "total_ms_per_kloc": 1160.8699146181832,
  "stages": {
    "Pioneer": 445.0553814707788,
    "Pioneer_ratio": 0.08263893925636123,
    "Splitter": 553.0478163909863,
    "Splitter_ratio": 0.1026912308161781,
    "Maki": 2653.6196092357372,
    "Maki_ratio": 0.4927303855363432,
    "Seeder": 15.953664236902785,
    "Seeder_ratio": 0.0029623142302714844,
    "C2Rust": 279.1107424616965,
    "C2Rust_ratio": 0.05182594493266325,
    "Reaper": 1013.5818427809963,
    "Reaper_ratio": 0.18820428158878244,
    "Merger": 425.17177291170833,
    "Merger_ratio": 0.07894690363940021,
    "": 0,
    "_ratio": 0.0
  }
}
