{
  "project_count": 1,
  "task_count": 130,
  "loc_count": 861713,
  "total_ms_per_kloc": 4211.437668452258,
  "stages": {
    "Pioneer": 1213.3864648194933,
    "Pioneer_ratio": 0.2881169235648272,
    "Splitter": 401.1325352130002,
    "Splitter_ratio": 0.09524836096183281,
    "Maki": 1599.0761269262505,
    "Maki_ratio": 0.3796983958482581,
    "Seeder": 33.87009382822355,
    "Seeder_ratio": 0.008042406535407925,
    "C2Rust": 267.248645723112,
    "C2Rust_ratio": 0.06345781815199662,
    "Reaper": 280.1480539808498,
    "Reaper_ratio": 0.06652076464990322,
    "Merger": 416.5757479613282,
    "Merger_ratio": 0.09891533028777406,
    "": 0,
    "_ratio": 0.0
  }
}
