{
  "project_count": 33,
  "task_count": 101,
  "total_ms": 7157.794177663366,
  "stages": {
    "Pioneer": 324.85325209901004,
    "Pioneer_ratio": 0.04538454781401064,
    "Splitter": 523.6206042673267,
    "Splitter_ratio": 0.07315390625527327,
    "Maki": 4820.548543069307,
    "Maki_ratio": 0.6734684489968048,
    "Seeder": 28.627415871287127,
    "Seeder_ratio": 0.003999474581236483,
    "C2Rust": 408.052397970297,
    "C2Rust_ratio": 0.05700812119516744,
    "Reaper": 545.8640295346535,
    "Reaper_ratio": 0.07626148726629754,
    "Merger": 146.95600366336635,
    "Merger_ratio": 0.020530906591580644,
    "Cleaner": 359.2719311881188,
    "Cleaner_ratio": 0.050193107299629246
  }
}
