{
  "project_count": 1,
  "task_count": 130,
  "loc_count": 861713,
  "total_ms_per_kloc": 4263.882953795522,
  "stages": {
    "Pioneer": 1199.4606508396648,
    "Pioneer_ratio": 0.28130712400816665,
    "Splitter": 411.2878320554523,
    "Splitter_ratio": 0.09645851832995132,
    "Maki": 1590.753530937795,
    "Maki_ratio": 0.37307626597061627,
    "Seeder": 36.07401693487275,
    "Seeder_ratio": 0.008460367539582963,
    "C2Rust": 271.614664012264,
    "C2Rust_ratio": 0.0637012476551413,
    "Reaper": 299.3307022442507,
    "Reaper_ratio": 0.07020143505060326,
    "Merger": 455.361556771222,
    "Merger_ratio": 0.10679504144593817
  }
}
