{
  "project_count": 33,
  "task_count": 101,
  "loc_count": 1239901,
  "total_ms_per_kloc": 1046.312193471898,
  "stages": {
    "Pioneer": 57.06241608160651,
    "Pioneer_ratio": 0.054536701796679486,
    "Splitter": 94.89959731462432,
    "Splitter_ratio": 0.09069912202755301,
    "Maki": 652.6078660013982,
    "Maki_ratio": 0.6237219350716915,
    "Seeder": 3.60641831081675,
    "Seeder_ratio": 0.0034467899096634314,
    "C2Rust": 58.74435239184418,
    "C2Rust_ratio": 0.05614419172246983,
    "Reaper": 93.88480678538043,
    "Reaper_ratio": 0.08972924847014316,
    "Merger": 85.50673658622745,
    "Merger_ratio": 0.08172201100179954
  }
}
