{
  "project_count": 1,
  "task_count": 17,
  "loc_count": 346874,
  "total_ms_per_kloc": 2222.632709104747,
  "stages": {
    "Pioneer": 450.8455712794847,
    "Pioneer_ratio": 0.20284303809291127,
    "Splitter": 90.9812918523729,
    "Splitter_ratio": 0.04093402003834417,
    "Maki": 1371.4465242278175,
    "Maki_ratio": 0.6170369573928486,
    "Seeder": 7.949875199640215,
    "Seeder_ratio": 0.0035767831396858823,
    "C2Rust": 78.55931658757935,
    "C2Rust_ratio": 0.03534516353771389,
    "Reaper": 112.69740843937568,
    "Reaper_ratio": 0.050704467714222115,
    "Merger": 110.15272151847645,
    "Merger_ratio": 0.04955957008427398
  }
}
