{
  "project_count": 33,
  "task_count": 101,
  "loc_count": 1239901,
  "total_ms_per_kloc": 1160.8699146181832,
  "stages": {
    "Pioneer": 72.11788797170095,
    "Pioneer_ratio": 0.06212400464820465,
    "Splitter": 97.42109688192846,
    "Splitter_ratio": 0.08392076980819235,
    "Maki": 648.5965153943743,
    "Maki_ratio": 0.55871593123998,
    "Seeder": 3.556426943764058,
    "Seeder_ratio": 0.0030635878309705246,
    "C2Rust": 57.34558333770196,
    "C2Rust_ratio": 0.04939880223923561,
    "Reaper": 197.9976029029737,
    "Reaper_ratio": 0.17055968150238113,
    "Merger": 83.8348011857398,
    "Merger_ratio": 0.07221722273103576,
    "": 0,
    "_ratio": 0.0
  }
}
