{
  "project_count": 1,
  "task_count": 17,
  "loc_count": 346938,
  "total_ms_per_kloc": 3295.9023315635645,
  "stages": {
    "Pioneer": 810.6414346972658,
    "Pioneer_ratio": 0.24595432544650084,
    "Splitter": 121.55697499553234,
    "Splitter_ratio": 0.03688124306094536,
    "Maki": 1926.203666211254,
    "Maki_ratio": 0.584423770014286,
    "Seeder": 12.092275242262305,
    "Seeder_ratio": 0.0036688815461730544,
    "C2Rust": 110.05015850958962,
    "C2Rust_ratio": 0.033389993828300796,
    "Reaper": 154.993369919121,
    "Reaper_ratio": 0.04702608097176007,
    "Merger": 160.36445198853974,
    "Merger_ratio": 0.04865570513203388
  }
}
